<?xml version="1.0" encoding="UTF-8"?>
<export version="E">
  <design>
    <source>C:\Users\Windows 10\Documents\GitHub\TrappenMaar\KiCad\fiets\standaard\standaard.kicad_sch</source>
    <date>3/04/2022 17:32:12</date>
    <tool>Eeschema (6.0.4)</tool>
    <sheet number="1" name="/" tstamps="/">
      <title_block>
        <title/>
        <company/>
        <rev/>
        <date/>
        <source>standaard.kicad_sch</source>
        <comment number="1" value=""/>
        <comment number="2" value=""/>
        <comment number="3" value=""/>
        <comment number="4" value=""/>
        <comment number="5" value=""/>
        <comment number="6" value=""/>
        <comment number="7" value=""/>
        <comment number="8" value=""/>
        <comment number="9" value=""/>
      </title_block>
    </sheet>
  </design>
  <components>
    <comp ref="C1">
      <value>1u</value>
      <footprint>Diode_SMD:D_0201_0603Metric</footprint>
      <libsource lib="Device" part="C" description="Unpolarized capacitor"/>
      <property name="Sheetname" value=""/>
      <property name="Sheetfile" value="standaard.kicad_sch"/>
      <sheetpath names="/" tstamps="/"/>
      <tstamps>590c7ce0-b9ae-45c9-adef-24833a8dc22d</tstamps>
    </comp>
    <comp ref="C2">
      <value>220u</value>
      <footprint>Capacitor_SMD:C_0805_2012Metric</footprint>
      <libsource lib="Device" part="C" description="Unpolarized capacitor"/>
      <property name="Sheetname" value=""/>
      <property name="Sheetfile" value="standaard.kicad_sch"/>
      <sheetpath names="/" tstamps="/"/>
      <tstamps>4b30ead3-1d42-46f1-ad3a-c9bc891ea896</tstamps>
    </comp>
    <comp ref="C3">
      <value>22u</value>
      <footprint>Capacitor_SMD:C_0805_2012Metric</footprint>
      <libsource lib="Device" part="C" description="Unpolarized capacitor"/>
      <property name="Sheetname" value=""/>
      <property name="Sheetfile" value="standaard.kicad_sch"/>
      <sheetpath names="/" tstamps="/"/>
      <tstamps>5db10976-de50-4f9d-a2c3-7ef6de3063a7</tstamps>
    </comp>
    <comp ref="C4">
      <value>0.1u</value>
      <footprint>Capacitor_SMD:C_0805_2012Metric</footprint>
      <libsource lib="Device" part="C" description="Unpolarized capacitor"/>
      <property name="Sheetname" value=""/>
      <property name="Sheetfile" value="standaard.kicad_sch"/>
      <sheetpath names="/" tstamps="/"/>
      <tstamps>a0a04465-1993-42d5-9d1a-3ff8b3faba85</tstamps>
    </comp>
    <comp ref="C5">
      <value>1000µ</value>
      <footprint>Capacitor_THT:CP_Axial_L26.5mm_D20.0mm_P33.00mm_Horizontal</footprint>
      <libsource lib="Device" part="C_Polarized" description="Polarized capacitor"/>
      <property name="Sheetname" value=""/>
      <property name="Sheetfile" value="standaard.kicad_sch"/>
      <sheetpath names="/" tstamps="/"/>
      <tstamps>63efb270-3c08-4856-8534-bb407436d2e4</tstamps>
    </comp>
    <comp ref="CR1">
      <value>1N4148W-TP</value>
      <footprint>Diode_SMD:D_0201_0603Metric</footprint>
      <fields>
        <field name="BUILT_BY">EMA_Cory</field>
        <field name="COPYRIGHT">Copyright (C) 2018 Accelerated Designs. All rights reserved</field>
        <field name="DATASHEET">https://www.mccsemi.com/pdf/Products/1N4148W(SOD123).pdf</field>
        <field name="MANUFACTURER_PART_NUMBER">1N4148W-TP</field>
        <field name="VENDOR">Micro Commercial Co</field>
      </fields>
      <libsource lib="1N4148W-TP" part="1N4148W-TP" description=""/>
      <property name="MANUFACTURER_PART_NUMBER" value="1N4148W-TP"/>
      <property name="BUILT_BY" value="EMA_Cory"/>
      <property name="VENDOR" value="Micro Commercial Co"/>
      <property name="DATASHEET" value="https://www.mccsemi.com/pdf/Products/1N4148W(SOD123).pdf"/>
      <property name="COPYRIGHT" value="Copyright (C) 2018 Accelerated Designs. All rights reserved"/>
      <property name="Sheetname" value=""/>
      <property name="Sheetfile" value="standaard.kicad_sch"/>
      <sheetpath names="/" tstamps="/"/>
      <tstamps>37a3c7bc-e1f0-4de9-83b4-236f6ad9649e</tstamps>
    </comp>
    <comp ref="CR2">
      <value>1N4148W-TP</value>
      <footprint>Diode_SMD:D_0201_0603Metric</footprint>
      <fields>
        <field name="BUILT_BY">EMA_Cory</field>
        <field name="COPYRIGHT">Copyright (C) 2018 Accelerated Designs. All rights reserved</field>
        <field name="DATASHEET">https://www.mccsemi.com/pdf/Products/1N4148W(SOD123).pdf</field>
        <field name="MANUFACTURER_PART_NUMBER">1N4148W-TP</field>
        <field name="VENDOR">Micro Commercial Co</field>
      </fields>
      <libsource lib="1N4148W-TP" part="1N4148W-TP" description=""/>
      <property name="MANUFACTURER_PART_NUMBER" value="1N4148W-TP"/>
      <property name="BUILT_BY" value="EMA_Cory"/>
      <property name="VENDOR" value="Micro Commercial Co"/>
      <property name="DATASHEET" value="https://www.mccsemi.com/pdf/Products/1N4148W(SOD123).pdf"/>
      <property name="COPYRIGHT" value="Copyright (C) 2018 Accelerated Designs. All rights reserved"/>
      <property name="Sheetname" value=""/>
      <property name="Sheetfile" value="standaard.kicad_sch"/>
      <sheetpath names="/" tstamps="/"/>
      <tstamps>5736dfd0-e687-44c9-8f98-9e1000226d70</tstamps>
    </comp>
    <comp ref="CR3">
      <value>1N4148W-TP</value>
      <footprint>Diode_SMD:D_0201_0603Metric</footprint>
      <fields>
        <field name="BUILT_BY">EMA_Cory</field>
        <field name="COPYRIGHT">Copyright (C) 2018 Accelerated Designs. All rights reserved</field>
        <field name="DATASHEET">https://www.mccsemi.com/pdf/Products/1N4148W(SOD123).pdf</field>
        <field name="MANUFACTURER_PART_NUMBER">1N4148W-TP</field>
        <field name="VENDOR">Micro Commercial Co</field>
      </fields>
      <libsource lib="1N4148W-TP" part="1N4148W-TP" description=""/>
      <property name="MANUFACTURER_PART_NUMBER" value="1N4148W-TP"/>
      <property name="BUILT_BY" value="EMA_Cory"/>
      <property name="VENDOR" value="Micro Commercial Co"/>
      <property name="DATASHEET" value="https://www.mccsemi.com/pdf/Products/1N4148W(SOD123).pdf"/>
      <property name="COPYRIGHT" value="Copyright (C) 2018 Accelerated Designs. All rights reserved"/>
      <property name="Sheetname" value=""/>
      <property name="Sheetfile" value="standaard.kicad_sch"/>
      <sheetpath names="/" tstamps="/"/>
      <tstamps>1117a211-b0db-45c1-bc43-38254c7408c4</tstamps>
    </comp>
    <comp ref="CR4">
      <value>1N4148W-TP</value>
      <footprint>Diode_SMD:D_0201_0603Metric</footprint>
      <fields>
        <field name="BUILT_BY">EMA_Cory</field>
        <field name="COPYRIGHT">Copyright (C) 2018 Accelerated Designs. All rights reserved</field>
        <field name="DATASHEET">https://www.mccsemi.com/pdf/Products/1N4148W(SOD123).pdf</field>
        <field name="MANUFACTURER_PART_NUMBER">1N4148W-TP</field>
        <field name="VENDOR">Micro Commercial Co</field>
      </fields>
      <libsource lib="1N4148W-TP" part="1N4148W-TP" description=""/>
      <property name="MANUFACTURER_PART_NUMBER" value="1N4148W-TP"/>
      <property name="BUILT_BY" value="EMA_Cory"/>
      <property name="VENDOR" value="Micro Commercial Co"/>
      <property name="DATASHEET" value="https://www.mccsemi.com/pdf/Products/1N4148W(SOD123).pdf"/>
      <property name="COPYRIGHT" value="Copyright (C) 2018 Accelerated Designs. All rights reserved"/>
      <property name="Sheetname" value=""/>
      <property name="Sheetfile" value="standaard.kicad_sch"/>
      <sheetpath names="/" tstamps="/"/>
      <tstamps>0c2af6e4-a8c6-45d7-ad9d-914947293cea</tstamps>
    </comp>
    <comp ref="J1">
      <value>Conn_01x04_Female</value>
      <footprint>Connector_PinHeader_2.54mm:PinHeader_1x04_P2.54mm_Vertical</footprint>
      <libsource lib="Connector_Generic" part="Conn_01x04" description="Generic connector, single row, 01x04, script generated (kicad-library-utils/schlib/autogen/connector/)"/>
      <property name="Sheetname" value=""/>
      <property name="Sheetfile" value="standaard.kicad_sch"/>
      <sheetpath names="/" tstamps="/"/>
      <tstamps>092af991-e9ad-4be1-bc61-0e0d6b13d1ac</tstamps>
    </comp>
    <comp ref="J2">
      <value>R pinnen RGB strips</value>
      <footprint>libraries:TE_282841-8</footprint>
      <libsource lib="282841-5" part="8_pin_connector" description=""/>
      <property name="Sheetname" value=""/>
      <property name="Sheetfile" value="standaard.kicad_sch"/>
      <sheetpath names="/" tstamps="/"/>
      <tstamps>cb83f3f2-b69b-4c0c-ae2e-66da890134f0</tstamps>
    </comp>
    <comp ref="J3">
      <value>282841-4</value>
      <footprint>282841_4:282841-4</footprint>
      <libsource lib="2022-04-03_12-42-58" part="282841-4" description=""/>
      <property name="Sheetname" value=""/>
      <property name="Sheetfile" value="standaard.kicad_sch"/>
      <sheetpath names="/" tstamps="/"/>
      <tstamps>4f8b6ba7-af6f-4d48-8a24-2ff673de8c32</tstamps>
    </comp>
    <comp ref="J4">
      <value>282841-2</value>
      <footprint>libraries:TE_282841-2</footprint>
      <fields>
        <field name="Comment">282841-2</field>
        <field name="EU_RoHS_Compliance">Compliant with Exemptions</field>
      </fields>
      <libsource lib="282841-2" part="282841-2" description=""/>
      <property name="Comment" value="282841-2"/>
      <property name="EU_RoHS_Compliance" value="Compliant with Exemptions"/>
      <property name="Sheetname" value=""/>
      <property name="Sheetfile" value="standaard.kicad_sch"/>
      <sheetpath names="/" tstamps="/"/>
      <tstamps>55ff87b6-13ce-4177-b1d3-b3df58f45f4c</tstamps>
    </comp>
    <comp ref="R1">
      <value>10k</value>
      <footprint>libraries:RESC6332X65N</footprint>
      <libsource lib="Device" part="R" description="Resistor"/>
      <property name="Sheetname" value=""/>
      <property name="Sheetfile" value="standaard.kicad_sch"/>
      <sheetpath names="/" tstamps="/"/>
      <tstamps>6d17f919-49d0-4100-b2fc-f72668e7c1f5</tstamps>
    </comp>
    <comp ref="R2">
      <value>560</value>
      <footprint>libraries:RESC6332X65N</footprint>
      <libsource lib="pspice" part="R" description="Resistor symbol for simulation only"/>
      <property name="Sheetname" value=""/>
      <property name="Sheetfile" value="standaard.kicad_sch"/>
      <sheetpath names="/" tstamps="/"/>
      <tstamps>0a364515-3e8d-4cd8-b418-7b3cee3740bc</tstamps>
    </comp>
    <comp ref="R3">
      <value>120</value>
      <footprint>libraries:RESC6332X65N</footprint>
      <libsource lib="pspice" part="R" description="Resistor symbol for simulation only"/>
      <property name="Sheetname" value=""/>
      <property name="Sheetfile" value="standaard.kicad_sch"/>
      <sheetpath names="/" tstamps="/"/>
      <tstamps>eeddac2a-5615-4b3b-a588-63b1af357dc6</tstamps>
    </comp>
    <comp ref="R4">
      <value>82</value>
      <footprint>libraries:RESC6332X65N</footprint>
      <libsource lib="Device" part="R" description="Resistor"/>
      <property name="Sheetname" value=""/>
      <property name="Sheetfile" value="standaard.kicad_sch"/>
      <sheetpath names="/" tstamps="/"/>
      <tstamps>792a81e8-1972-4846-9d2f-a360e85a3cf8</tstamps>
    </comp>
    <comp ref="R5">
      <value>82</value>
      <footprint>libraries:RESC6332X65N</footprint>
      <libsource lib="Device" part="R" description="Resistor"/>
      <property name="Sheetname" value=""/>
      <property name="Sheetfile" value="standaard.kicad_sch"/>
      <sheetpath names="/" tstamps="/"/>
      <tstamps>040446dc-bac6-4ab2-a233-1153f1e36c40</tstamps>
    </comp>
    <comp ref="R6">
      <value>82</value>
      <footprint>libraries:RESC6332X65N</footprint>
      <libsource lib="Device" part="R" description="Resistor"/>
      <property name="Sheetname" value=""/>
      <property name="Sheetfile" value="standaard.kicad_sch"/>
      <sheetpath names="/" tstamps="/"/>
      <tstamps>0d05c03e-936b-474c-b06f-95249f908c81</tstamps>
    </comp>
    <comp ref="SW1">
      <value>ENABLE</value>
      <footprint>libraries:SW_1825910-6-4</footprint>
      <fields>
        <field name="Comment">1825910-6</field>
      </fields>
      <libsource lib="1825910-6" part="1825910-6" description=""/>
      <property name="Comment" value="1825910-6"/>
      <property name="Sheetname" value=""/>
      <property name="Sheetfile" value="standaard.kicad_sch"/>
      <sheetpath names="/" tstamps="/"/>
      <tstamps>a208271e-cd1f-433b-8c80-5591081f565c</tstamps>
    </comp>
    <comp ref="SW2">
      <value>BOOT</value>
      <footprint>libraries:SW_1825910-6-4</footprint>
      <fields>
        <field name="Comment">1825910-6</field>
      </fields>
      <libsource lib="1825910-6" part="1825910-6" description=""/>
      <property name="Comment" value="1825910-6"/>
      <property name="Sheetname" value=""/>
      <property name="Sheetfile" value="standaard.kicad_sch"/>
      <sheetpath names="/" tstamps="/"/>
      <tstamps>b1f854f5-7657-44bc-88db-ec79ef3ff95b</tstamps>
    </comp>
    <comp ref="U1">
      <value>ESP32-WROOM-32E_(16MB)</value>
      <footprint>libraries:XCVR_ESP32-WROOM-32E_(16MB)</footprint>
      <fields>
        <field name="MANUFACTURER">Espressif Systems</field>
        <field name="MAXIMUM_PACKAGE_HEIGHT">3.25mm</field>
        <field name="PARTREV">1.4</field>
        <field name="STANDARD">Manufacturer Recommendations</field>
      </fields>
      <libsource lib="ESP32-WROOM-32E__16MB_" part="ESP32-WROOM-32E_(16MB)" description=""/>
      <property name="PARTREV" value="1.4"/>
      <property name="STANDARD" value="Manufacturer Recommendations"/>
      <property name="MAXIMUM_PACKAGE_HEIGHT" value="3.25mm"/>
      <property name="MANUFACTURER" value="Espressif Systems"/>
      <property name="Sheetname" value=""/>
      <property name="Sheetfile" value="standaard.kicad_sch"/>
      <sheetpath names="/" tstamps="/"/>
      <tstamps>e969e00d-3e12-4e89-b2e5-fa2da282f8a9</tstamps>
    </comp>
  </components>
  <libparts>
    <libpart lib="1825910-6" part="1825910-6">
      <fields>
        <field name="Reference">SW</field>
        <field name="Value">1825910-6</field>
        <field name="Footprint">SW_1825910-6-4</field>
        <field name="Comment">1825910-6</field>
      </fields>
      <pins>
        <pin num="1" name="" type="passive"/>
        <pin num="2" name="" type="passive"/>
        <pin num="3" name="" type="passive"/>
        <pin num="4" name="" type="passive"/>
      </pins>
    </libpart>
    <libpart lib="1N4148W-TP" part="1N4148W-TP">
      <footprints>
        <fp>SOD123</fp>
        <fp>SOD123-M</fp>
        <fp>SOD123-L</fp>
      </footprints>
      <fields>
        <field name="Reference">CR</field>
        <field name="Value">1N4148W-TP</field>
        <field name="MANUFACTURER_PART_NUMBER">1N4148W-TP</field>
        <field name="BUILT_BY">EMA_Cory</field>
        <field name="VENDOR">Micro Commercial Co</field>
        <field name="DATASHEET">https://www.mccsemi.com/pdf/Products/1N4148W(SOD123).pdf</field>
        <field name="COPYRIGHT">Copyright (C) 2018 Accelerated Designs. All rights reserved</field>
      </fields>
      <pins>
        <pin num="1" name="" type="passive"/>
        <pin num="2" name="" type="passive"/>
      </pins>
    </libpart>
    <libpart lib="2022-04-03_12-42-58" part="282841-4">
      <footprints>
        <fp>CONN4_282841-4_TEC</fp>
      </footprints>
      <fields>
        <field name="Reference">J</field>
        <field name="Value">282841-4</field>
        <field name="Footprint">CONN4_282841-4_TEC</field>
      </fields>
      <pins>
        <pin num="1" name="1" type="unspecified"/>
        <pin num="2" name="2" type="unspecified"/>
        <pin num="3" name="3" type="unspecified"/>
        <pin num="4" name="4" type="unspecified"/>
      </pins>
    </libpart>
    <libpart lib="282841-2" part="282841-2">
      <fields>
        <field name="Reference">J</field>
        <field name="Value">282841-2</field>
        <field name="Footprint">TE_282841-2</field>
        <field name="Comment">282841-2</field>
        <field name="EU_RoHS_Compliance">Compliant with Exemptions</field>
      </fields>
      <pins>
        <pin num="1" name="1" type="passive"/>
        <pin num="2" name="2" type="passive"/>
      </pins>
    </libpart>
    <libpart lib="282841-5" part="8_pin_connector">
      <fields>
        <field name="Reference">U</field>
        <field name="Value">8_pin_connector</field>
      </fields>
      <pins>
        <pin num="1" name="1" type="passive"/>
        <pin num="2" name="2" type="passive"/>
        <pin num="3" name="3" type="passive"/>
        <pin num="4" name="4" type="passive"/>
        <pin num="5" name="5" type="passive"/>
        <pin num="6" name="6" type="passive"/>
        <pin num="7" name="7" type="passive"/>
        <pin num="8" name="8" type="passive"/>
      </pins>
    </libpart>
    <libpart lib="Connector_Generic" part="Conn_01x04">
      <description>Generic connector, single row, 01x04, script generated (kicad-library-utils/schlib/autogen/connector/)</description>
      <docs>~</docs>
      <footprints>
        <fp>Connector*:*_1x??_*</fp>
      </footprints>
      <fields>
        <field name="Reference">J</field>
        <field name="Value">Conn_01x04</field>
        <field name="Datasheet">~</field>
      </fields>
      <pins>
        <pin num="1" name="Pin_1" type="passive"/>
        <pin num="2" name="Pin_2" type="passive"/>
        <pin num="3" name="Pin_3" type="passive"/>
        <pin num="4" name="Pin_4" type="passive"/>
      </pins>
    </libpart>
    <libpart lib="Device" part="C">
      <description>Unpolarized capacitor</description>
      <docs>~</docs>
      <footprints>
        <fp>C_*</fp>
      </footprints>
      <fields>
        <field name="Reference">C</field>
        <field name="Value">C</field>
        <field name="Datasheet">~</field>
      </fields>
      <pins>
        <pin num="1" name="" type="passive"/>
        <pin num="2" name="" type="passive"/>
      </pins>
    </libpart>
    <libpart lib="Device" part="C_Polarized">
      <description>Polarized capacitor</description>
      <docs>~</docs>
      <footprints>
        <fp>CP_*</fp>
      </footprints>
      <fields>
        <field name="Reference">C</field>
        <field name="Value">C_Polarized</field>
        <field name="Datasheet">~</field>
      </fields>
      <pins>
        <pin num="1" name="" type="passive"/>
        <pin num="2" name="" type="passive"/>
      </pins>
    </libpart>
    <libpart lib="Device" part="R">
      <description>Resistor</description>
      <docs>~</docs>
      <footprints>
        <fp>R_*</fp>
      </footprints>
      <fields>
        <field name="Reference">R</field>
        <field name="Value">R</field>
        <field name="Datasheet">~</field>
      </fields>
      <pins>
        <pin num="1" name="" type="passive"/>
        <pin num="2" name="" type="passive"/>
      </pins>
    </libpart>
    <libpart lib="ESP32-WROOM-32E__16MB_" part="ESP32-WROOM-32E_(16MB)">
      <fields>
        <field name="Reference">U</field>
        <field name="Value">ESP32-WROOM-32E_(16MB)</field>
        <field name="Footprint">XCVR_ESP32-WROOM-32E_(16MB)</field>
        <field name="PARTREV">1.4</field>
        <field name="STANDARD">Manufacturer Recommendations</field>
        <field name="MAXIMUM_PACKAGE_HEIGHT">3.25mm</field>
        <field name="MANUFACTURER">Espressif Systems</field>
      </fields>
      <pins>
        <pin num="1" name="GND" type="power_in"/>
        <pin num="2" name="3V3" type="power_in"/>
        <pin num="3" name="EN" type="input"/>
        <pin num="4" name="SENSOR_VP" type="input"/>
        <pin num="5" name="SENSOR_VN" type="input"/>
        <pin num="6" name="IO34" type="input"/>
        <pin num="7" name="IO35" type="input"/>
        <pin num="8" name="IO32" type="bidirectional"/>
        <pin num="9" name="IO33" type="bidirectional"/>
        <pin num="10" name="IO25" type="bidirectional"/>
        <pin num="11" name="IO26" type="bidirectional"/>
        <pin num="12" name="IO27" type="bidirectional"/>
        <pin num="13" name="IO14" type="bidirectional"/>
        <pin num="14" name="IO12" type="bidirectional"/>
        <pin num="15" name="GND" type="power_in"/>
        <pin num="16" name="IO13" type="bidirectional"/>
        <pin num="17" name="NC" type="no_connect"/>
        <pin num="18" name="NC" type="no_connect"/>
        <pin num="19" name="NC" type="no_connect"/>
        <pin num="20" name="NC" type="no_connect"/>
        <pin num="21" name="NC" type="no_connect"/>
        <pin num="22" name="NC" type="no_connect"/>
        <pin num="23" name="IO15" type="bidirectional"/>
        <pin num="24" name="IO2" type="bidirectional"/>
        <pin num="25" name="IO0" type="bidirectional"/>
        <pin num="26" name="IO4" type="bidirectional"/>
        <pin num="27" name="IO16" type="bidirectional"/>
        <pin num="28" name="IO17" type="bidirectional"/>
        <pin num="29" name="IO5" type="bidirectional"/>
        <pin num="30" name="IO18" type="bidirectional"/>
        <pin num="31" name="IO19" type="bidirectional"/>
        <pin num="32" name="NC1" type="no_connect"/>
        <pin num="33" name="IO21" type="bidirectional"/>
        <pin num="34" name="RXD0" type="bidirectional"/>
        <pin num="35" name="TXD0" type="bidirectional"/>
        <pin num="36" name="IO22" type="bidirectional"/>
        <pin num="37" name="IO23" type="bidirectional"/>
        <pin num="38" name="GND" type="power_in"/>
        <pin num="39_1" name="GND" type="power_in"/>
        <pin num="39_2" name="GND" type="power_in"/>
        <pin num="39_3" name="GND" type="power_in"/>
        <pin num="39_4" name="GND" type="power_in"/>
        <pin num="39_5" name="GND" type="power_in"/>
        <pin num="39_6" name="GND" type="power_in"/>
        <pin num="39_7" name="GND" type="power_in"/>
        <pin num="39_8" name="GND" type="power_in"/>
        <pin num="39_9" name="GND" type="power_in"/>
      </pins>
    </libpart>
    <libpart lib="pspice" part="R">
      <description>Resistor symbol for simulation only</description>
      <docs>~</docs>
      <fields>
        <field name="Reference">R</field>
        <field name="Value">R</field>
        <field name="Datasheet">~</field>
      </fields>
      <pins>
        <pin num="1" name="" type="passive"/>
        <pin num="2" name="" type="passive"/>
      </pins>
    </libpart>
  </libparts>
  <libraries>
    <library logical="1N4148W-TP">
      <uri>C:\Users\Windows 10\Documents\GitHub\TrappenMaar\KiCad\libraries\1N4148W-TP\1N4148W-TP.lib</uri>
    </library>
    <library logical="2022-04-03_12-42-58">
      <uri>C:\Users\Windows 10\Documents\GitHub\TrappenMaar\KiCad\libraries\ul_282841-4\KiCAD\2022-04-03_12-42-58\2022-04-03_12-42-58.lib</uri>
    </library>
    <library logical="282841-2">
      <uri>C:\Users\Windows 10\Documents\GitHub\TrappenMaar\KiCad\libraries\other libraries\282841-2.lib</uri>
    </library>
    <library logical="Connector_Generic">
      <uri>C:\Program Files\KiCad\6.0\share\kicad\symbols\/Connector_Generic.kicad_sym</uri>
    </library>
    <library logical="Device">
      <uri>C:\Program Files\KiCad\6.0\share\kicad\symbols\/Device.kicad_sym</uri>
    </library>
    <library logical="ESP32-WROOM-32E__16MB_">
      <uri>C:\Users\Windows 10\Documents\GitHub\TrappenMaar\KiCad\libraries\other libraries\ESP32-WROOM-32E__16MB_.lib</uri>
    </library>
    <library logical="pspice">
      <uri>C:\Program Files\KiCad\6.0\share\kicad\symbols\/pspice.kicad_sym</uri>
    </library>
  </libraries>
  <nets>
    <net code="1" name="+3V3">
      <node ref="J1" pin="4" pinfunction="Pin_4" pintype="passive"/>
    </net>
    <net code="2" name="GND">
      <node ref="C1" pin="1" pintype="passive"/>
      <node ref="C2" pin="2" pintype="passive"/>
      <node ref="C3" pin="2" pintype="passive"/>
      <node ref="C4" pin="2" pintype="passive"/>
      <node ref="J1" pin="1" pinfunction="Pin_1" pintype="passive"/>
      <node ref="J2" pin="6" pinfunction="6" pintype="passive"/>
      <node ref="J3" pin="2" pinfunction="2" pintype="unspecified"/>
      <node ref="R2" pin="2" pintype="passive"/>
      <node ref="R3" pin="1" pintype="passive"/>
      <node ref="SW1" pin="3" pintype="passive"/>
      <node ref="SW1" pin="4" pintype="passive"/>
      <node ref="SW2" pin="3" pintype="passive"/>
      <node ref="SW2" pin="4" pintype="passive"/>
      <node ref="U1" pin="1" pinfunction="GND" pintype="power_in"/>
      <node ref="U1" pin="15" pinfunction="GND" pintype="power_in"/>
      <node ref="U1" pin="38" pinfunction="GND" pintype="power_in"/>
      <node ref="U1" pin="39_1" pinfunction="GND" pintype="power_in"/>
      <node ref="U1" pin="39_2" pinfunction="GND" pintype="power_in"/>
      <node ref="U1" pin="39_3" pinfunction="GND" pintype="power_in"/>
      <node ref="U1" pin="39_4" pinfunction="GND" pintype="power_in"/>
      <node ref="U1" pin="39_5" pinfunction="GND" pintype="power_in"/>
      <node ref="U1" pin="39_6" pinfunction="GND" pintype="power_in"/>
      <node ref="U1" pin="39_7" pinfunction="GND" pintype="power_in"/>
      <node ref="U1" pin="39_8" pinfunction="GND" pintype="power_in"/>
      <node ref="U1" pin="39_9" pinfunction="GND" pintype="power_in"/>
    </net>
    <net code="3" name="Net-(C1-Pad2)">
      <node ref="C1" pin="2" pintype="passive"/>
      <node ref="R1" pin="1" pintype="passive"/>
      <node ref="SW1" pin="1" pintype="passive"/>
      <node ref="SW1" pin="2" pintype="passive"/>
    </net>
    <net code="4" name="Net-(C5-Pad1)">
      <node ref="C5" pin="1" pintype="passive"/>
      <node ref="CR2" pin="1" pintype="passive"/>
      <node ref="CR4" pin="1" pintype="passive"/>
      <node ref="R3" pin="2" pintype="passive"/>
      <node ref="U1" pin="6" pinfunction="IO34" pintype="input"/>
    </net>
    <net code="5" name="Net-(C5-Pad2)">
      <node ref="C5" pin="2" pintype="passive"/>
      <node ref="CR1" pin="2" pintype="passive"/>
      <node ref="CR3" pin="2" pintype="passive"/>
      <node ref="R2" pin="1" pintype="passive"/>
    </net>
    <net code="6" name="Net-(J1-Pad2)">
      <node ref="J1" pin="2" pinfunction="Pin_2" pintype="passive"/>
      <node ref="U1" pin="34" pinfunction="RXD0" pintype="bidirectional"/>
    </net>
    <net code="7" name="Net-(J1-Pad3)">
      <node ref="J1" pin="3" pinfunction="Pin_3" pintype="passive"/>
      <node ref="U1" pin="35" pinfunction="TXD0" pintype="bidirectional"/>
    </net>
    <net code="8" name="Net-(J2-Pad4)">
      <node ref="J2" pin="4" pinfunction="4" pintype="passive"/>
      <node ref="R4" pin="2" pintype="passive"/>
    </net>
    <net code="9" name="Net-(J2-Pad5)">
      <node ref="J2" pin="5" pinfunction="5" pintype="passive"/>
      <node ref="R5" pin="2" pintype="passive"/>
    </net>
    <net code="10" name="Net-(J2-Pad7)">
      <node ref="J2" pin="7" pinfunction="7" pintype="passive"/>
      <node ref="R6" pin="2" pintype="passive"/>
    </net>
    <net code="11" name="Net-(J4-Pad1)">
      <node ref="CR3" pin="1" pintype="passive"/>
      <node ref="CR4" pin="2" pintype="passive"/>
      <node ref="J4" pin="1" pinfunction="1" pintype="passive"/>
    </net>
    <net code="12" name="Net-(J4-Pad2)">
      <node ref="CR1" pin="1" pintype="passive"/>
      <node ref="CR2" pin="2" pintype="passive"/>
      <node ref="J4" pin="2" pinfunction="2" pintype="passive"/>
    </net>
    <net code="13" name="Net-(R1-Pad2)">
      <node ref="R1" pin="2" pintype="passive"/>
      <node ref="U1" pin="3" pinfunction="EN" pintype="input"/>
    </net>
    <net code="14" name="Net-(SW2-Pad1)">
      <node ref="SW2" pin="1" pintype="passive"/>
      <node ref="SW2" pin="2" pintype="passive"/>
      <node ref="U1" pin="25" pinfunction="IO0" pintype="bidirectional"/>
    </net>
    <net code="15" name="Net-(U1-Pad13)">
      <node ref="J2" pin="3" pinfunction="3" pintype="passive"/>
      <node ref="U1" pin="13" pinfunction="IO14" pintype="bidirectional"/>
    </net>
    <net code="16" name="Net-(U1-Pad14)">
      <node ref="J2" pin="1" pinfunction="1" pintype="passive"/>
      <node ref="U1" pin="14" pinfunction="IO12" pintype="bidirectional"/>
    </net>
    <net code="17" name="Net-(U1-Pad16)">
      <node ref="J2" pin="2" pinfunction="2" pintype="passive"/>
      <node ref="U1" pin="16" pinfunction="IO13" pintype="bidirectional"/>
    </net>
    <net code="18" name="Net-(U1-Pad27)">
      <node ref="R4" pin="1" pintype="passive"/>
      <node ref="U1" pin="27" pinfunction="IO16" pintype="bidirectional"/>
    </net>
    <net code="19" name="Net-(U1-Pad28)">
      <node ref="R5" pin="1" pintype="passive"/>
      <node ref="U1" pin="28" pinfunction="IO17" pintype="bidirectional"/>
    </net>
    <net code="20" name="Net-(U1-Pad31)">
      <node ref="R6" pin="1" pintype="passive"/>
      <node ref="U1" pin="31" pinfunction="IO19" pintype="bidirectional"/>
    </net>
    <net code="21" name="Net-(U1-Pad33)">
      <node ref="J3" pin="3" pinfunction="3" pintype="unspecified"/>
      <node ref="U1" pin="33" pinfunction="IO21" pintype="bidirectional"/>
    </net>
    <net code="22" name="Net-(U1-Pad36)">
      <node ref="J3" pin="4" pinfunction="4" pintype="unspecified"/>
      <node ref="U1" pin="36" pinfunction="IO22" pintype="bidirectional"/>
    </net>
    <net code="23" name="Voeding">
      <node ref="C2" pin="1" pintype="passive"/>
      <node ref="C3" pin="1" pintype="passive"/>
      <node ref="C4" pin="1" pintype="passive"/>
      <node ref="J3" pin="1" pinfunction="1" pintype="unspecified"/>
      <node ref="U1" pin="2" pinfunction="3V3" pintype="power_in"/>
    </net>
    <net code="24" name="unconnected-(J2-Pad8)">
      <node ref="J2" pin="8" pinfunction="8" pintype="passive+no_connect"/>
    </net>
    <net code="25" name="unconnected-(U1-Pad4)">
      <node ref="U1" pin="4" pinfunction="SENSOR_VP" pintype="input+no_connect"/>
    </net>
    <net code="26" name="unconnected-(U1-Pad5)">
      <node ref="U1" pin="5" pinfunction="SENSOR_VN" pintype="input+no_connect"/>
    </net>
    <net code="27" name="unconnected-(U1-Pad7)">
      <node ref="U1" pin="7" pinfunction="IO35" pintype="input+no_connect"/>
    </net>
    <net code="28" name="unconnected-(U1-Pad8)">
      <node ref="U1" pin="8" pinfunction="IO32" pintype="bidirectional+no_connect"/>
    </net>
    <net code="29" name="unconnected-(U1-Pad9)">
      <node ref="U1" pin="9" pinfunction="IO33" pintype="bidirectional+no_connect"/>
    </net>
    <net code="30" name="unconnected-(U1-Pad10)">
      <node ref="U1" pin="10" pinfunction="IO25" pintype="bidirectional+no_connect"/>
    </net>
    <net code="31" name="unconnected-(U1-Pad11)">
      <node ref="U1" pin="11" pinfunction="IO26" pintype="bidirectional+no_connect"/>
    </net>
    <net code="32" name="unconnected-(U1-Pad12)">
      <node ref="U1" pin="12" pinfunction="IO27" pintype="bidirectional+no_connect"/>
    </net>
    <net code="33" name="unconnected-(U1-Pad17)">
      <node ref="U1" pin="17" pinfunction="NC" pintype="no_connect"/>
    </net>
    <net code="34" name="unconnected-(U1-Pad18)">
      <node ref="U1" pin="18" pinfunction="NC" pintype="no_connect"/>
    </net>
    <net code="35" name="unconnected-(U1-Pad19)">
      <node ref="U1" pin="19" pinfunction="NC" pintype="no_connect"/>
    </net>
    <net code="36" name="unconnected-(U1-Pad20)">
      <node ref="U1" pin="20" pinfunction="NC" pintype="no_connect"/>
    </net>
    <net code="37" name="unconnected-(U1-Pad21)">
      <node ref="U1" pin="21" pinfunction="NC" pintype="no_connect"/>
    </net>
    <net code="38" name="unconnected-(U1-Pad22)">
      <node ref="U1" pin="22" pinfunction="NC" pintype="no_connect"/>
    </net>
    <net code="39" name="unconnected-(U1-Pad23)">
      <node ref="U1" pin="23" pinfunction="IO15" pintype="bidirectional+no_connect"/>
    </net>
    <net code="40" name="unconnected-(U1-Pad24)">
      <node ref="U1" pin="24" pinfunction="IO2" pintype="bidirectional+no_connect"/>
    </net>
    <net code="41" name="unconnected-(U1-Pad26)">
      <node ref="U1" pin="26" pinfunction="IO4" pintype="bidirectional+no_connect"/>
    </net>
    <net code="42" name="unconnected-(U1-Pad29)">
      <node ref="U1" pin="29" pinfunction="IO5" pintype="bidirectional+no_connect"/>
    </net>
    <net code="43" name="unconnected-(U1-Pad30)">
      <node ref="U1" pin="30" pinfunction="IO18" pintype="bidirectional+no_connect"/>
    </net>
    <net code="44" name="unconnected-(U1-Pad32)">
      <node ref="U1" pin="32" pinfunction="NC1" pintype="no_connect"/>
    </net>
    <net code="45" name="unconnected-(U1-Pad37)">
      <node ref="U1" pin="37" pinfunction="IO23" pintype="bidirectional+no_connect"/>
    </net>
  </nets>
</export>
